<?xml version="1.0" encoding="UTF-8"?>
<project-private xmlns="http://www.netbeans.org/ns/project-private/1">
    <editor-bookmarks xmlns="http://www.netbeans.org/ns/editor-bookmarks/2" lastBookmarkId="0"/>
    <open-files xmlns="http://www.netbeans.org/ns/projectui-open-files/2">
        <group>
            <file>file:/E:/WAMP/www/school/application/views/backend/admin/modal_admin_edit.php</file>
            <file>file:/E:/WAMP/www/school/application/views/backend/admin/student_information.php</file>
            <file>file:/E:/WAMP/www/school/application/views/backend/admin/admin_list.php</file>
            <file>file:/E:/WAMP/www/school/application/views/backend/index.php</file>
            <file>file:/E:/WAMP/www/school/application/views/backend/admin/admin_add.php</file>
            <file>file:/E:/WAMP/www/school/application/controllers/Modal.php</file>
            <file>file:/E:/WAMP/www/school/application/controllers/Admin.php</file>
            <file>file:/E:/WAMP/www/school/application/views/backend/admin/navigation.php</file>
        </group>
    </open-files>
</project-private>
